start,IATA,PNRs
2019-01-03,YYZ,2991
2019-01-03,CLE,1381
2019-01-03,CMH,1435
2019-01-03,PEK,1071
2019-01-03,SFO,3988
2019-01-03,AUS,2225
2019-01-03,SJC,3906
2019-01-03,DEN,2233
2019-01-03,DFW,6852
2019-01-03,MEX,1232
2019-01-03,MAD,739
2019-01-03,SHA,2508
2019-01-03,WAS,4744
2019-01-03,BOS,4469
2019-01-03,RDU,2187
2019-01-03,CPH,1310
2019-01-03,LAX,3069
2019-01-03,SNA,1838
2019-01-03,PIT,1610
2019-01-03,PHL,3621
2019-01-03,ATL,4885
2019-01-03,MIA,1288
2019-01-03,SEA,3406
2019-01-03,FRA,1121
2019-01-03,MSP,2343
2019-01-03,PDX,1605
2019-01-03,SAT,1553
2019-01-03,BNA,1640
2019-01-03,PAR,6940
2019-01-03,CLT,3062
2019-01-03,EWR,5463
2019-01-03,LON,7331
2019-01-03,NYC,8914
2019-01-03,STL,1462
2019-01-03,SAN,1538
2019-01-03,DTW,2589
2019-01-03,CHI,6418
2019-01-03,MUC,1657
2019-01-03,AMS,1389
2019-01-03,IND,1420
2019-01-03,YUL,999
2019-01-03,PHX,2859
2019-01-03,SYD,621
2019-01-03,MIL,1092
2019-01-03,HOU,3927
2019-01-03,STO,1087
2019-01-03,SIN,1236
2019-01-03,MCO,1727
2019-01-03,LAS,3775
2019-01-03,TLS,1217
2019-01-10,PAR,10895
2019-01-10,CPH,1610
2019-01-10,PEK,1480
2019-01-10,ATL,6460
2019-01-10,DEN,2739
2019-01-10,SIN,1939
2019-01-10,MUC,2326
2019-01-10,AUS,3144
2019-01-10,SAT,2117
2019-01-10,FRA,2396
2019-01-10,EWR,7192
2019-01-10,LAS,1516
2019-01-10,PHX,4187
2019-01-10,TLS,2143
2019-01-10,MAD,1379
2019-01-10,MSP,3029
2019-01-10,MEX,2119
2019-01-10,MIA,2442
2019-01-10,DTW,4303
2019-01-10,STO,1866
2019-01-10,RDU,2400
2019-01-10,PDX,2046
2019-01-10,CHI,8508
2019-01-10,STL,1905
2019-01-10,SYD,1232
2019-01-10,BNA,2204
2019-01-10,CLE,1559
2019-01-10,CLT,3809
2019-01-10,SFO,5746
2019-01-10,SJC,5224
2019-01-10,PIT,1818
2019-01-10,SAN,2075
2019-01-10,LON,9373
2019-01-10,HOU,5124
2019-01-10,SNA,2277
2019-01-10,YUL,1698
2019-01-10,YYZ,3728
2019-01-10,CMH,1772
2019-01-10,SHA,3896
2019-01-10,MIL,2056
2019-01-10,IND,1795
2019-01-10,MCO,2694
2019-01-10,AMS,2085
2019-01-10,LAX,4157
2019-01-10,BOS,6256
2019-01-10,NYC,15895
2019-01-10,PHL,4261
2019-01-10,WAS,6063
2019-01-10,DFW,8314
2019-01-10,SEA,4648
2019-01-17,YUL,1885
2019-01-17,CHI,8515
2019-01-17,RDU,2391
2019-01-17,AMS,2184
2019-01-17,IND,1826
2019-01-17,EWR,6746
2019-01-17,MSP,2891
2019-01-17,HOU,5351
2019-01-17,PDX,1952
2019-01-17,DFW,7935
2019-01-17,BNA,2132
2019-01-17,STL,1976
2019-01-17,PHL,4124
2019-01-17,SJC,4226
2019-01-17,LAX,3637
2019-01-17,MIA,1856
2019-01-17,MIL,1833
2019-01-17,CMH,1632
2019-01-17,DTW,3506
2019-01-17,PHX,4497
2019-01-17,SFO,4967
2019-01-17,SAN,2153
2019-01-17,AUS,2716
2019-01-17,MEX,2642
2019-01-17,SYD,1621
2019-01-17,CPH,1765
2019-01-17,MCO,2212
2019-01-17,ATL,6162
2019-01-17,SIN,2120
2019-01-17,CLT,3456
2019-01-17,FRA,2548
2019-01-17,MAD,1424
2019-01-17,LAS,1374
2019-01-17,STO,2091
2019-01-17,SEA,4407
2019-01-17,TLS,2060
2019-01-17,PEK,1579
2019-01-17,NYC,11324
2019-01-17,DEN,3076
2019-01-17,LON,9756
2019-01-17,PAR,11286
2019-01-17,MUC,3351
2019-01-17,CLE,1566
2019-01-17,SAT,2082
2019-01-17,YYZ,4204
2019-01-17,WAS,5270
2019-01-17,SHA,4035
2019-01-17,BOS,6100
2019-01-17,SNA,2018
2019-01-17,PIT,1835
2019-01-24,DEN,3257
2019-01-24,SNA,2289
2019-01-24,PAR,11962
2019-01-24,DFW,8368
2019-01-24,MEX,2380
2019-01-24,IND,2004
2019-01-24,LAS,1227
2019-01-24,FRA,2582
2019-01-24,RDU,2343
2019-01-24,SJC,4511
2019-01-24,LON,8970
2019-01-24,EWR,6777
2019-01-24,CMH,1745
2019-01-24,YYZ,4012
2019-01-24,CLT,3973
2019-01-24,STO,2178
2019-01-24,MUC,3258
2019-01-24,SIN,2125
2019-01-24,YUL,1713
2019-01-24,NYC,13357
2019-01-24,MCO,2161
2019-01-24,ATL,6559
2019-01-24,PHL,4550
2019-01-24,PEK,977
2019-01-24,AMS,2165
2019-01-24,PHX,4223
2019-01-24,PDX,1977
2019-01-24,PIT,1952
2019-01-24,SAT,2000
2019-01-24,STL,2081
2019-01-24,CPH,1928
2019-01-24,HOU,5139
2019-01-24,LAX,4344
2019-01-24,SYD,1538
2019-01-24,MIA,2462
2019-01-24,BNA,2089
2019-01-24,DTW,3681
2019-01-24,BOS,6073
2019-01-24,SEA,5259
2019-01-24,SAN,2506
2019-01-24,MSP,2937
2019-01-24,MIL,1880
2019-01-24,MAD,1716
2019-01-24,SHA,2224
2019-01-24,WAS,6285
2019-01-24,CLE,1680
2019-01-24,AUS,3056
2019-01-24,TLS,2199
2019-01-24,CHI,8948
2019-01-24,SFO,6025
2019-01-31,BNA,2310
2019-01-31,CPH,1795
2019-01-31,CHI,9163
2019-01-31,MIA,1863
2019-01-31,PHX,4258
2019-01-31,MUC,3149
2019-01-31,SFO,5900
2019-01-31,HOU,5159
2019-01-31,AUS,3023
2019-01-31,SYD,1977
2019-01-31,PEK,138
2019-01-31,DTW,3399
2019-01-31,MSP,2727
2019-01-31,CLT,3523
2019-01-31,YYZ,4087
2019-01-31,SNA,2411
2019-01-31,MAD,1697
2019-01-31,MIL,2018
2019-01-31,SAN,2051
2019-01-31,TLS,2197
2019-01-31,MEX,2008
2019-01-31,FRA,2592
2019-01-31,IND,1891
2019-01-31,PDX,2116
2019-01-31,SHA,266
2019-01-31,EWR,6296
2019-01-31,ATL,6571
2019-01-31,LAS,1494
2019-01-31,CMH,1706
2019-01-31,NYC,12978
2019-01-31,LON,9517
2019-01-31,CLE,1577
2019-01-31,PHL,4418
2019-01-31,PIT,1920
2019-01-31,SAT,2211
2019-01-31,YUL,2001
2019-01-31,WAS,6169
2019-01-31,DFW,8700
2019-01-31,STL,2185
2019-01-31,SEA,5358
2019-01-31,PAR,10803
2019-01-31,DEN,3110
2019-01-31,AMS,2423
2019-01-31,RDU,2486
2019-01-31,SIN,387
2019-01-31,BOS,6084
2019-01-31,SJC,4325
2019-01-31,STO,2229
2019-01-31,LAX,4032
2019-01-31,MCO,2335
2019-02-07,SIN,1834
2019-02-07,MAD,1659
2019-02-07,PEK,388
2019-02-07,MUC,3351
2019-02-07,AUS,2555
2019-02-07,IND,2120
2019-02-07,SYD,2532
2019-02-07,AMS,2506
2019-02-07,TLS,1745
2019-02-07,SHA,924
2019-02-07,DTW,3381
2019-02-07,YUL,1749
2019-02-07,LAX,4001
2019-02-07,BOS,5875
2019-02-07,LON,10155
2019-02-07,SNA,2085
2019-02-07,PHX,3688
2019-02-07,PAR,9182
2019-02-07,ATL,6043
2019-02-07,MIA,2376
2019-02-07,FRA,2714
2019-02-07,STL,2075
2019-02-07,MIL,1946
2019-02-07,SFO,11105
2019-02-07,YYZ,4200
2019-02-07,SEA,5086
2019-02-07,PHL,4467
2019-02-07,BNA,2100
2019-02-07,CLE,1572
2019-02-07,MEX,2453
2019-02-07,SAT,2291
2019-02-07,CLT,3600
2019-02-07,NYC,12437
2019-02-07,MCO,3544
2019-02-07,LAS,1532
2019-02-07,DFW,8129
2019-02-07,STO,1951
2019-02-07,SJC,5743
2019-02-07,RDU,2511
2019-02-07,CHI,8590
2019-02-07,CMH,1884
2019-02-07,DEN,3352
2019-02-07,MSP,2977
2019-02-07,PDX,2138
2019-02-07,SAN,2608
2019-02-07,PIT,1826
2019-02-07,CPH,1087
2019-02-07,WAS,5917
2019-02-07,EWR,6680
2019-02-07,HOU,5236
2019-02-14,SYD,2494
2019-02-14,SEA,3835
2019-02-14,SHA,2828
2019-02-14,MCO,2340
2019-02-14,MSP,3095
2019-02-14,MUC,3397
2019-02-14,HOU,5144
2019-02-14,STO,1703
2019-02-14,BNA,2327
2019-02-14,SAN,2083
2019-02-14,MEX,2696
2019-02-14,SIN,2339
2019-02-14,NYC,9686
2019-02-14,LAS,1627
2019-02-14,LON,8366
2019-02-14,PEK,1249
2019-02-14,STL,2034
2019-02-14,YYZ,3363
2019-02-14,DFW,7860
2019-02-14,DTW,3420
2019-02-14,CPH,1562
2019-02-14,PAR,8306
2019-02-14,PHL,4150
2019-02-14,MAD,1575
2019-02-14,PHX,3930
2019-02-14,RDU,2557
2019-02-14,PDX,1962
2019-02-14,PIT,1933
2019-02-14,DEN,3087
2019-02-14,MIL,2182
2019-02-14,IND,2002
2019-02-14,AMS,2225
2019-02-14,TLS,1993
2019-02-14,CLE,1687
2019-02-14,CLT,3845
2019-02-14,WAS,5435
2019-02-14,EWR,5933
2019-02-14,ATL,6180
2019-02-14,YUL,1678
2019-02-14,MIA,2304
2019-02-14,SFO,4987
2019-02-14,SAT,2416
2019-02-14,CMH,1780
2019-02-14,FRA,2588
2019-02-14,LAX,3634
2019-02-14,BOS,4348
2019-02-14,AUS,2945
2019-02-14,SJC,4379
2019-02-14,CHI,8541
2019-02-14,SNA,2043
2019-02-21,CLE,1803
2019-02-21,PDX,2477
2019-02-21,EWR,6483
2019-02-21,DFW,8818
2019-02-21,SAN,2461
2019-02-21,MEX,2781
2019-02-21,LAS,2738
2019-02-21,SHA,3854
2019-02-21,TLS,1382
2019-02-21,PEK,1518
2019-02-21,MIA,2341
2019-02-21,SNA,2418
2019-02-21,LON,11597
2019-02-21,ATL,6725
2019-02-21,HOU,5800
2019-02-21,RDU,2561
2019-02-21,SIN,2629
2019-02-21,SEA,5300
2019-02-21,MUC,3482
2019-02-21,CLT,4273
2019-02-21,CHI,9377
2019-02-21,MIL,2140
2019-02-21,DEN,3451
2019-02-21,DTW,3299
2019-02-21,PHX,4769
2019-02-21,AUS,3223
2019-02-21,SYD,2457
2019-02-21,MCO,2128
2019-02-21,WAS,6918
2019-02-21,PHL,4757
2019-02-21,FRA,2784
2019-02-21,YYZ,4874
2019-02-21,SJC,5282
2019-02-21,MAD,1715
2019-02-21,YUL,2009
2019-02-21,CMH,1852
2019-02-21,PAR,7159
2019-02-21,SFO,6864
2019-02-21,BNA,2569
2019-02-21,SAT,2438
2019-02-21,STO,1240
2019-02-21,LAX,4472
2019-02-21,PIT,1984
2019-02-21,IND,2049
2019-02-21,STL,2308
2019-02-21,CPH,1744
2019-02-21,NYC,13043
2019-02-21,MSP,3269
2019-02-21,AMS,2262
2019-02-21,BOS,6803
2019-02-28,PHX,4028
2019-02-28,WAS,6641
2019-02-28,MCO,2090
2019-02-28,SAT,2646
2019-02-28,BNA,2413
2019-02-28,HOU,5573
2019-02-28,CHI,9270
2019-02-28,CLE,1586
2019-02-28,CMH,1815
2019-02-28,ATL,6337
2019-02-28,SIN,2225
2019-02-28,DTW,3343
2019-02-28,SFO,6244
2019-02-28,PAR,6831
2019-02-28,SEA,4869
2019-02-28,DFW,8928
2019-02-28,MSP,3207
2019-02-28,PDX,2442
2019-02-28,YYZ,3959
2019-02-28,MIL,2083
2019-02-28,DEN,3234
2019-02-28,CPH,1897
2019-02-28,MIA,2052
2019-02-28,TLS,1201
2019-02-28,LAS,1837
2019-02-28,CLT,3810
2019-02-28,MUC,2409
2019-02-28,LAX,4339
2019-02-28,STL,2187
2019-02-28,IND,2167
2019-02-28,FRA,2504
2019-02-28,NYC,13131
2019-02-28,MEX,2374
2019-02-28,PEK,1446
2019-02-28,STO,2116
2019-02-28,LON,11282
2019-02-28,PHL,4476
2019-02-28,EWR,6172
2019-02-28,SHA,3555
2019-02-28,SNA,2553
2019-02-28,YUL,1209
2019-02-28,SYD,2743
2019-02-28,PIT,1863
2019-02-28,AUS,3512
2019-02-28,AMS,2481
2019-02-28,RDU,2317
2019-02-28,SJC,4940
2019-02-28,MAD,1588
2019-02-28,SAN,2566
2019-02-28,BOS,6674
2019-03-07,EWR,6245
2019-03-07,YUL,1643
2019-03-07,ATL,6551
2019-03-07,PIT,2027
2019-03-07,NYC,13521
2019-03-07,TLS,2018
2019-03-07,CLE,1665
2019-03-07,SJC,5529
2019-03-07,AMS,2733
2019-03-07,LAX,3963
2019-03-07,CMH,2051
2019-03-07,SNA,2614
2019-03-07,WAS,6735
2019-03-07,BNA,2426
2019-03-07,LAS,1643
2019-03-07,RDU,2453
2019-03-07,LON,11848
2019-03-07,PHL,4501
2019-03-07,DEN,3576
2019-03-07,MSP,3170
2019-03-07,MCO,2082
2019-03-07,PEK,1406
2019-03-07,SEA,4819
2019-03-07,CHI,9146
2019-03-07,CPH,1924
2019-03-07,PAR,11698
2019-03-07,DTW,3365
2019-03-07,BOS,6041
2019-03-07,HOU,4625
2019-03-07,SYD,2172
2019-03-07,PDX,2419
2019-03-07,FRA,2200
2019-03-07,DFW,6712
2019-03-07,YYZ,3084
2019-03-07,SIN,2370
2019-03-07,STO,2247
2019-03-07,SFO,5707
2019-03-07,STL,2352
2019-03-07,MIL,2259
2019-03-07,SAN,2454
2019-03-07,CLT,4066
2019-03-07,MIA,2138
2019-03-07,IND,2047
2019-03-07,PHX,4296
2019-03-07,SHA,3720
2019-03-07,MAD,1913
2019-03-07,AUS,3173
2019-03-07,MUC,3281
2019-03-07,SAT,1867
2019-03-07,MEX,2719
2019-03-14,PDX,2466
2019-03-14,CLT,3800
2019-03-14,MAD,1909
2019-03-14,FRA,3135
2019-03-14,PEK,1454
2019-03-14,SFO,5352
2019-03-14,CLE,1744
2019-03-14,MIL,2075
2019-03-14,STO,2287
2019-03-14,AMS,2802
2019-03-14,CHI,9401
2019-03-14,DTW,3646
2019-03-14,MCO,3166
2019-03-14,BNA,2309
2019-03-14,YYZ,3833
2019-03-14,AUS,2396
2019-03-14,CPH,1857
2019-03-14,HOU,5107
2019-03-14,STL,1954
2019-03-14,EWR,6096
2019-03-14,IND,2123
2019-03-14,DEN,3067
2019-03-14,SIN,1984
2019-03-14,MUC,3334
2019-03-14,ATL,6313
2019-03-14,DFW,7832
2019-03-14,SJC,4870
2019-03-14,MSP,2895
2019-03-14,SYD,2549
2019-03-14,NYC,12575
2019-03-14,WAS,6752
2019-03-14,BOS,5890
2019-03-14,MEX,2121
2019-03-14,RDU,2480
2019-03-14,LAX,3825
2019-03-14,SAT,2600
2019-03-14,MIA,2054
2019-03-14,PHL,4560
2019-03-14,LON,12011
2019-03-14,PIT,2019
2019-03-14,SEA,4631
2019-03-14,SAN,2391
2019-03-14,TLS,2479
2019-03-14,SHA,3572
2019-03-14,PHX,3830
2019-03-14,SNA,2165
2019-03-14,CMH,1885
2019-03-14,YUL,1944
2019-03-14,PAR,11477
2019-03-14,LAS,1753
2019-03-21,FRA,3142
2019-03-21,CPH,1886
2019-03-21,MIA,1911
2019-03-21,SJC,4813
2019-03-21,MEX,2410
2019-03-21,SNA,2065
2019-03-21,PAR,11164
2019-03-21,STL,2121
2019-03-21,LAS,2793
2019-03-21,MIL,2341
2019-03-21,DTW,3535
2019-03-21,CLT,3920
2019-03-21,PIT,1891
2019-03-21,MAD,1863
2019-03-21,AMS,2802
2019-03-21,SAN,2572
2019-03-21,CLE,1561
2019-03-21,LON,11400
2019-03-21,DEN,2732
2019-03-21,PDX,1806
2019-03-21,DFW,8608
2019-03-21,PHX,3668
2019-03-21,SAT,2826
2019-03-21,NYC,11908
2019-03-21,CMH,1550
2019-03-21,BOS,5926
2019-03-21,STO,2226
2019-03-21,MSP,2852
2019-03-21,SIN,2224
2019-03-21,MUC,3464
2019-03-21,AUS,3587
2019-03-21,WAS,5972
2019-03-21,SYD,2419
2019-03-21,MCO,2010
2019-03-21,RDU,2597
2019-03-21,PEK,1552
2019-03-21,YYZ,4279
2019-03-21,IND,1760
2019-03-21,LAX,3901
2019-03-21,SHA,3370
2019-03-21,SFO,5300
2019-03-21,EWR,6068
2019-03-21,BNA,2375
2019-03-21,ATL,6398
2019-03-21,CHI,7327
2019-03-21,TLS,2445
2019-03-21,YUL,2001
2019-03-21,PHL,4520
2019-03-21,SEA,4659
2019-03-21,HOU,5152
2019-03-28,CPH,1950
2019-03-28,CMH,1642
2019-03-28,SIN,2067
2019-03-28,LAS,1410
2019-03-28,YUL,1831
2019-03-28,TLS,1950
2019-03-28,RDU,2435
2019-03-28,SHA,2957
2019-03-28,AMS,2452
2019-03-28,PAR,11215
2019-03-28,SAT,2307
2019-03-28,LON,10696
2019-03-28,WAS,6710
2019-03-28,CLE,1844
2019-03-28,YYZ,4000
2019-03-28,IND,1597
2019-03-28,SNA,1808
2019-03-28,CLT,3404
2019-03-28,BOS,7348
2019-03-28,MIA,1883
2019-03-28,MSP,3068
2019-03-28,DEN,3040
2019-03-28,STL,2129
2019-03-28,SJC,4232
2019-03-28,MCO,1982
2019-03-28,ATL,4909
2019-03-28,MUC,3315
2019-03-28,FRA,2584
2019-03-28,SYD,2120
2019-03-28,AUS,3369
2019-03-28,SEA,4108
2019-03-28,STO,2126
2019-03-28,EWR,5455
2019-03-28,HOU,4945
2019-03-28,SFO,4911
2019-03-28,PEK,1407
2019-03-28,BNA,2267
2019-03-28,PHX,3531
2019-03-28,CHI,8803
2019-03-28,MIL,2086
2019-03-28,DTW,2965
2019-03-28,PIT,1834
2019-03-28,LAX,3637
2019-03-28,MAD,1801
2019-03-28,SAN,2009
2019-03-28,MEX,2342
2019-03-28,NYC,12667
2019-03-28,DFW,7754
2019-03-28,PDX,1916
2019-03-28,PHL,4108
2019-04-04,LAS,2590
2019-04-04,MCO,1944
2019-04-04,SAN,2253
2019-04-04,STO,2472
2019-04-04,DEN,3657
2019-04-04,SJC,4493
2019-04-04,MSP,3587
2019-04-04,MEX,2883
2019-04-04,ATL,6598
2019-04-04,FRA,3184
2019-04-04,CPH,2114
2019-04-04,IND,1962
2019-04-04,CHI,10776
2019-04-04,SAT,2454
2019-04-04,PAR,10033
2019-04-04,SNA,2209
2019-04-04,DFW,8023
2019-04-04,LON,10361
2019-04-04,SYD,2305
2019-04-04,SHA,3290
2019-04-04,YUL,1953
2019-04-04,LAX,4020
2019-04-04,SIN,2137
2019-04-04,WAS,6854
2019-04-04,PHX,3956
2019-04-04,MIA,1935
2019-04-04,EWR,6432
2019-04-04,CMH,1888
2019-04-04,AMS,2791
2019-04-04,PDX,2539
2019-04-04,BNA,2338
2019-04-04,PHL,4409
2019-04-04,MIL,1505
2019-04-04,CLT,4231
2019-04-04,BOS,6912
2019-04-04,CLE,1745
2019-04-04,DTW,3689
2019-04-04,NYC,13579
2019-04-04,STL,2368
2019-04-04,MUC,1753
2019-04-04,RDU,2784
2019-04-04,MAD,2384
2019-04-04,AUS,3458
2019-04-04,SFO,5260
2019-04-04,PEK,1298
2019-04-04,PIT,1894
2019-04-04,HOU,4920
2019-04-04,YYZ,4748
2019-04-04,TLS,2039
2019-04-04,SEA,3806
2019-04-11,DEN,3189
2019-04-11,SNA,1899
2019-04-11,WAS,5872
2019-04-11,BOS,5448
2019-04-11,MEX,1061
2019-04-11,YUL,1700
2019-04-11,STO,1199
2019-04-11,PAR,9026
2019-04-11,PEK,1309
2019-04-11,TLS,1881
2019-04-11,PHL,4112
2019-04-11,DTW,3677
2019-04-11,CLT,3538
2019-04-11,SJC,3868
2019-04-11,SAN,2155
2019-04-11,LAS,1305
2019-04-11,PHX,3606
2019-04-11,MAD,494
2019-04-11,PDX,2338
2019-04-11,HOU,4900
2019-04-11,NYC,12160
2019-04-11,CLE,1679
2019-04-11,MUC,2303
2019-04-11,STL,2207
2019-04-11,MIA,1720
2019-04-11,AMS,2336
2019-04-11,EWR,5558
2019-04-11,BNA,2848
2019-04-11,MIL,2203
2019-04-11,CMH,1867
2019-04-11,SYD,1706
2019-04-11,SIN,1759
2019-04-11,SHA,3872
2019-04-11,SFO,4768
2019-04-11,FRA,2097
2019-04-11,IND,2022
2019-04-11,LON,7620
2019-04-11,PIT,1932
2019-04-11,MCO,2041
2019-04-11,AUS,2963
2019-04-11,CHI,9379
2019-04-11,ATL,6933
2019-04-11,RDU,2137
2019-04-11,MSP,3439
2019-04-11,SEA,4259
2019-04-11,YYZ,4115
2019-04-11,SAT,2478
2019-04-11,CPH,738
2019-04-11,DFW,7699
2019-04-11,LAX,3767
2019-04-18,PHX,3331
2019-04-18,AMS,1451
2019-04-18,NYC,10343
2019-04-18,MAD,1134
2019-04-18,CPH,1293
2019-04-18,ATL,5814
2019-04-18,MIA,1628
2019-04-18,EWR,5382
2019-04-18,DFW,7316
2019-04-18,PDX,2222
2019-04-18,FRA,1315
2019-04-18,MCO,1827
2019-04-18,IND,1985
2019-04-18,STO,1550
2019-04-18,PIT,1780
2019-04-18,CMH,1784
2019-04-18,DTW,2936
2019-04-18,LAX,3713
2019-04-18,MUC,1395
2019-04-18,DEN,2928
2019-04-18,SJC,4371
2019-04-18,SYD,289
2019-04-18,SNA,1924
2019-04-18,SAN,1906
2019-04-18,LON,6459
2019-04-18,LAS,1168
2019-04-18,SAT,2421
2019-04-18,SEA,4617
2019-04-18,MIL,378
2019-04-18,WAS,5831
2019-04-18,PEK,1309
2019-04-18,BOS,6062
2019-04-18,AUS,2948
2019-04-18,HOU,4745
2019-04-18,MSP,3133
2019-04-18,PAR,5569
2019-04-18,CLE,1598
2019-04-18,RDU,2323
2019-04-18,BNA,2785
2019-04-18,TLS,1173
2019-04-18,STL,2217
2019-04-18,SIN,1412
2019-04-18,PHL,4079
2019-04-18,MEX,1826
2019-04-18,YYZ,3330
2019-04-18,SHA,3489
2019-04-18,CLT,3512
2019-04-18,SFO,5584
2019-04-18,YUL,1389
2019-04-18,CHI,8696
2019-04-25,CLE,1932
2019-04-25,SYD,2263
2019-04-25,LAX,3863
2019-04-25,MAD,690
2019-04-25,ATL,6488
2019-04-25,MIL,651
2019-04-25,SFO,5379
2019-04-25,SIN,1222
2019-04-25,PIT,1813
2019-04-25,STL,2062
2019-04-25,BNA,2367
2019-04-25,MSP,3130
2019-04-25,CMH,1625
2019-04-25,LAS,2988
2019-04-25,MEX,1597
2019-04-25,PAR,3208
2019-04-25,CPH,1700
2019-04-25,SHA,1454
2019-04-25,MIA,1899
2019-04-25,LON,9985
2019-04-25,NYC,13326
2019-04-25,FRA,1405
2019-04-25,PHX,3451
2019-04-25,CHI,9332
2019-04-25,SEA,4880
2019-04-25,AUS,2799
2019-04-25,STO,1076
2019-04-25,HOU,4524
2019-04-25,RDU,2537
2019-04-25,YYZ,3749
2019-04-25,SNA,1840
2019-04-25,TLS,546
2019-04-25,EWR,6056
2019-04-25,CLT,3776
2019-04-25,SAN,2063
2019-04-25,MUC,1555
2019-04-25,IND,1994
2019-04-25,AMS,1536
2019-04-25,SJC,4327
2019-04-25,PDX,1957
2019-04-25,PEK,634
2019-04-25,DTW,3435
2019-04-25,SAT,2190
2019-04-25,WAS,6734
2019-04-25,YUL,1827
2019-04-25,MCO,1929
2019-04-25,DEN,3357
2019-04-25,DFW,8275
2019-04-25,PHL,4339
2019-04-25,BOS,6769
2019-05-02,PIT,2064
2019-05-02,MAD,1821
2019-05-02,BNA,2423
2019-05-02,DFW,8225
2019-05-02,MCO,3958
2019-05-02,WAS,6658
2019-05-02,LAX,3739
2019-05-02,LAS,2076
2019-05-02,CMH,1744
2019-05-02,AUS,3182
2019-05-02,STL,2301
2019-05-02,PAR,3847
2019-05-02,PHX,3528
2019-05-02,TLS,660
2019-05-02,LON,9970
2019-05-02,MSP,3183
2019-05-02,PHL,4444
2019-05-02,RDU,2578
2019-05-02,SNA,2157
2019-05-02,STO,2283
2019-05-02,NYC,13978
2019-05-02,PEK,1337
2019-05-02,AMS,2353
2019-05-02,DTW,3378
2019-05-02,YYZ,4188
2019-05-02,PDX,2208
2019-05-02,CLE,2459
2019-05-02,DEN,3855
2019-05-02,SEA,5076
2019-05-02,MEX,3269
2019-05-02,SFO,5552
2019-05-02,SAT,2202
2019-05-02,SIN,2221
2019-05-02,MUC,3315
2019-05-02,CLT,3746
2019-05-02,HOU,5569
2019-05-02,YUL,1847
2019-05-02,SJC,4006
2019-05-02,FRA,2428
2019-05-02,CHI,10070
2019-05-02,MIA,1782
2019-05-02,ATL,5732
2019-05-02,BOS,7283
2019-05-02,SAN,1958
2019-05-02,CPH,2303
2019-05-02,SYD,2314
2019-05-02,MIL,2142
2019-05-02,SHA,3120
2019-05-02,EWR,6392
2019-05-02,IND,1980
2019-05-09,MCO,2113
2019-05-09,MSP,3858
2019-05-09,SJC,4429
2019-05-09,WAS,6459
2019-05-09,STL,2472
2019-05-09,SAN,2244
2019-05-09,ATL,6669
2019-05-09,LAS,1546
2019-05-09,NYC,14323
2019-05-09,MIL,2565
2019-05-09,AMS,2888
2019-05-09,RDU,2626
2019-05-09,CMH,2039
2019-05-09,SYD,2608
2019-05-09,PIT,1860
2019-05-09,MIA,1973
2019-05-09,PEK,1491
2019-05-09,DTW,3568
2019-05-09,PAR,12659
2019-05-09,BNA,2295
2019-05-09,BOS,6815
2019-05-09,SNA,2142
2019-05-09,LAX,3631
2019-05-09,PHL,5118
2019-05-09,SFO,5628
2019-05-09,STO,2562
2019-05-09,CLE,1823
2019-05-09,YYZ,4456
2019-05-09,PHX,3818
2019-05-09,FRA,2950
2019-05-09,CHI,10776
2019-05-09,DEN,3521
2019-05-09,SEA,5202
2019-05-09,MUC,3450
2019-05-09,EWR,6661
2019-05-09,SAT,2315
2019-05-09,AUS,3288
2019-05-09,CLT,3986
2019-05-09,SHA,3894
2019-05-09,HOU,5352
2019-05-09,YUL,2057
2019-05-09,MAD,1602
2019-05-09,TLS,2292
2019-05-09,IND,2285
2019-05-09,PDX,2477
2019-05-09,MEX,2537
2019-05-09,SIN,2197
2019-05-09,DFW,8311
2019-05-09,LON,12547
2019-05-09,CPH,2002
2019-05-16,IND,2143
2019-05-16,PHX,3198
2019-05-16,LAS,1807
2019-05-16,STO,2442
2019-05-16,DFW,8059
2019-05-16,CHI,10890
2019-05-16,PAR,11997
2019-05-16,CLE,1895
2019-05-16,NYC,13207
2019-05-16,SAN,2372
2019-05-16,FRA,2972
2019-05-16,WAS,6507
2019-05-16,SFO,5642
2019-05-16,RDU,2475
2019-05-16,CLT,4170
2019-05-16,SYD,2591
2019-05-16,SIN,2013
2019-05-16,DEN,3267
2019-05-16,MCO,1959
2019-05-16,ATL,6208
2019-05-16,SJC,4720
2019-05-16,PDX,2917
2019-05-16,YUL,1703
2019-05-16,BNA,2218
2019-05-16,SHA,3914
2019-05-16,CPH,2110
2019-05-16,LON,13145
2019-05-16,LAX,3870
2019-05-16,MAD,2416
2019-05-16,AUS,3308
2019-05-16,SEA,4616
2019-05-16,EWR,6885
2019-05-16,MIA,1829
2019-05-16,BOS,6436
2019-05-16,SNA,2178
2019-05-16,CMH,2080
2019-05-16,PEK,1623
2019-05-16,MSP,3628
2019-05-16,MEX,2595
2019-05-16,PHL,4417
2019-05-16,SAT,2245
2019-05-16,AMS,2920
2019-05-16,YYZ,3515
2019-05-16,STL,2381
2019-05-16,MIL,2571
2019-05-16,TLS,2442
2019-05-16,MUC,3715
2019-05-16,HOU,5333
2019-05-16,PIT,2224
2019-05-16,DTW,3752
2019-05-23,YUL,1778
2019-05-23,MCO,983
2019-05-23,SAT,1666
2019-05-23,MIA,1255
2019-05-23,PEK,1505
2019-05-23,CMH,1347
2019-05-23,AMS,1931
2019-05-23,LAX,2580
2019-05-23,CLT,2709
2019-05-23,SIN,1922
2019-05-23,BNA,1598
2019-05-23,ATL,4014
2019-05-23,LON,6748
2019-05-23,MUC,2565
2019-05-23,SYD,2134
2019-05-23,PAR,6152
2019-05-23,MAD,2313
2019-05-23,MIL,2232
2019-05-23,MSP,2303
2019-05-23,CHI,6897
2019-05-23,WAS,4466
2019-05-23,SAN,1171
2019-05-23,STL,1650
2019-05-23,SEA,3345
2019-05-23,RDU,1742
2019-05-23,PHX,2005
2019-05-23,NYC,9088
2019-05-23,DTW,2511
2019-05-23,EWR,4517
2019-05-23,BOS,4808
2019-05-23,LAS,817
2019-05-23,SJC,3016
2019-05-23,PDX,1568
2019-05-23,CLE,1292
2019-05-23,HOU,3418
2019-05-23,TLS,1240
2019-05-23,SNA,1323
2019-05-23,CPH,1730
2019-05-23,SFO,4304
2019-05-23,PIT,1380
2019-05-23,DEN,2329
2019-05-23,IND,1450
2019-05-23,FRA,2239
2019-05-23,STO,1765
2019-05-23,PHL,3210
2019-05-23,SHA,3259
2019-05-23,MEX,2213
2019-05-23,AUS,2021
2019-05-23,DFW,5273
2019-05-23,YYZ,4085
2019-05-30,SAT,2194
2019-05-30,CLT,3876
2019-05-30,PHX,3323
2019-05-30,DTW,3597
2019-05-30,PHL,4294
2019-05-30,AMS,2384
2019-05-30,WAS,6945
2019-05-30,SNA,1959
2019-05-30,YYZ,4584
2019-05-30,PDX,2324
2019-05-30,RDU,2308
2019-05-30,SEA,4628
2019-05-30,YUL,1879
2019-05-30,DEN,3149
2019-05-30,EWR,6424
2019-05-30,SJC,4417
2019-05-30,SHA,3041
2019-05-30,CLE,1624
2019-05-30,ATL,5987
2019-05-30,MAD,3323
2019-05-30,CMH,1858
2019-05-30,STL,2168
2019-05-30,CPH,1488
2019-05-30,BNA,2157
2019-05-30,MIL,2204
2019-05-30,CHI,10265
2019-05-30,STO,1716
2019-05-30,BOS,6613
2019-05-30,MIA,1508
2019-05-30,TLS,2128
2019-05-30,LON,11321
2019-05-30,NYC,13776
2019-05-30,SAN,2332
2019-05-30,MCO,1548
2019-05-30,PAR,9806
2019-05-30,MUC,2743
2019-05-30,DFW,7296
2019-05-30,HOU,4664
2019-05-30,LAS,2576
2019-05-30,AUS,2565
2019-05-30,LAX,3778
2019-05-30,PEK,1141
2019-05-30,MEX,2390
2019-05-30,PIT,1924
2019-05-30,MSP,3666
2019-05-30,FRA,2630
2019-05-30,SYD,2251
2019-05-30,SFO,5432
2019-05-30,SIN,1357
2019-05-30,IND,1873
2019-06-06,STL,2312
2019-06-06,AUS,2813
2019-06-06,PDX,2201
2019-06-06,SEA,4606
2019-06-06,DFW,7872
2019-06-06,PHX,3061
2019-06-06,BNA,2630
2019-06-06,YUL,2182
2019-06-06,SAT,1987
2019-06-06,CLT,3614
2019-06-06,MSP,3501
2019-06-06,STO,2074
2019-06-06,MAD,3591
2019-06-06,WAS,6858
2019-06-06,MCO,1952
2019-06-06,IND,2047
2019-06-06,SYD,1787
2019-06-06,SIN,1956
2019-06-06,SJC,4741
2019-06-06,SNA,2341
2019-06-06,CPH,2002
2019-06-06,FRA,2507
2019-06-06,TLS,1909
2019-06-06,EWR,6787
2019-06-06,CMH,1777
2019-06-06,DEN,3868
2019-06-06,DTW,3526
2019-06-06,NYC,13459
2019-06-06,YYZ,4728
2019-06-06,CLE,1982
2019-06-06,SFO,5449
2019-06-06,PIT,1963
2019-06-06,CHI,10252
2019-06-06,RDU,2136
2019-06-06,LAX,4192
2019-06-06,AMS,2551
2019-06-06,LON,12493
2019-06-06,LAS,1312
2019-06-06,MEX,2695
2019-06-06,PHL,4665
2019-06-06,MUC,2607
2019-06-06,SHA,3471
2019-06-06,PAR,9188
2019-06-06,PEK,1229
2019-06-06,SAN,5118
2019-06-06,BOS,7051
2019-06-06,MIL,1920
2019-06-06,ATL,6600
2019-06-06,MIA,1473
2019-06-06,HOU,4944
2019-06-13,HOU,4861
2019-06-13,PAR,11633
2019-06-13,ATL,6008
2019-06-13,MEX,2394
2019-06-13,NYC,14130
2019-06-13,STL,2352
2019-06-13,TLS,2191
2019-06-13,RDU,2308
2019-06-13,SAN,2105
2019-06-13,IND,1833
2019-06-13,SIN,1886
2019-06-13,CLT,3846
2019-06-13,CHI,12340
2019-06-13,STO,2188
2019-06-13,BOS,7346
2019-06-13,PHX,3273
2019-06-13,BNA,2655
2019-06-13,CLE,1709
2019-06-13,YUL,2048
2019-06-13,MIA,1511
2019-06-13,MCO,2109
2019-06-13,CMH,1792
2019-06-13,PIT,2245
2019-06-13,SNA,1994
2019-06-13,DFW,8013
2019-06-13,MAD,4264
2019-06-13,MSP,3690
2019-06-13,YYZ,4760
2019-06-13,PHL,4555
2019-06-13,SJC,4355
2019-06-13,SHA,3686
2019-06-13,CPH,2224
2019-06-13,DEN,3459
2019-06-13,LAX,3850
2019-06-13,PEK,1696
2019-06-13,PDX,1982
2019-06-13,MIL,2505
2019-06-13,WAS,7536
2019-06-13,SAT,2627
2019-06-13,SYD,2083
2019-06-13,SEA,4648
2019-06-13,LON,12546
2019-06-13,AUS,2825
2019-06-13,SFO,4859
2019-06-13,FRA,2544
2019-06-13,MUC,2160
2019-06-13,AMS,3123
2019-06-13,DTW,3456
2019-06-13,EWR,6934
2019-06-13,LAS,1524
2019-06-20,ATL,6313
2019-06-20,PAR,11965
2019-06-20,CLE,1993
2019-06-20,SIN,1901
2019-06-20,TLS,2560
2019-06-20,BNA,2514
2019-06-20,DEN,3650
2019-06-20,SEA,4428
2019-06-20,SAN,2190
2019-06-20,BOS,6721
2019-06-20,CPH,2102
2019-06-20,HOU,5199
2019-06-20,PIT,2107
2019-06-20,MCO,1774
2019-06-20,SJC,4170
2019-06-20,YYZ,3964
2019-06-20,IND,1909
2019-06-20,CHI,10443
2019-06-20,SNA,2082
2019-06-20,MAD,3647
2019-06-20,PEK,1915
2019-06-20,RDU,2236
2019-06-20,AMS,2986
2019-06-20,SAT,2460
2019-06-20,LAS,1644
2019-06-20,DFW,8027
2019-06-20,DTW,3602
2019-06-20,PHL,4329
2019-06-20,MSP,3787
2019-06-20,STL,2394
2019-06-20,MIA,1532
2019-06-20,PDX,2266
2019-06-20,EWR,6545
2019-06-20,MIL,2338
2019-06-20,YUL,1577
2019-06-20,CLT,3989
2019-06-20,PHX,3203
2019-06-20,AUS,3082
2019-06-20,SFO,5204
2019-06-20,MEX,2384
2019-06-20,CMH,2009
2019-06-20,NYC,14242
2019-06-20,WAS,6441
2019-06-20,LON,12389
2019-06-20,FRA,2813
2019-06-20,SHA,3652
2019-06-20,LAX,3556
2019-06-20,STO,1693
2019-06-20,MUC,3246
2019-06-20,SYD,2132
2019-06-27,SEA,1402
2019-06-27,DFW,2286
2019-06-27,ATL,1755
2019-06-27,PAR,10060
2019-06-27,CHI,2837
2019-06-27,PIT,758
2019-06-27,DEN,1114
2019-06-27,DTW,1055
2019-06-27,LAS,590
2019-06-27,SHA,2690
2019-06-27,LON,9734
2019-06-27,LAX,1239
2019-06-27,MCO,552
2019-06-27,CPH,1415
2019-06-27,MUC,3456
2019-06-27,TLS,1971
2019-06-27,PDX,723
2019-06-27,PEK,1833
2019-06-27,STO,1030
2019-06-27,RDU,603
2019-06-27,FRA,2342
2019-06-27,BOS,1833
2019-06-27,PHL,1377
2019-06-27,BNA,898
2019-06-27,MSP,981
2019-06-27,IND,621
2019-06-27,MIA,570
2019-06-27,WAS,1856
2019-06-27,SAT,576
2019-06-27,CLE,680
2019-06-27,CLT,939
2019-06-27,NYC,3816
2019-06-27,MEX,2125
2019-06-27,STL,679
2019-06-27,YUL,954
2019-06-27,YYZ,1423
2019-06-27,SAN,635
2019-06-27,AMS,2242
2019-06-27,MIL,2047
2019-06-27,SFO,1489
2019-06-27,CMH,631
2019-06-27,EWR,1835
2019-06-27,AUS,857
2019-06-27,PHX,884
2019-06-27,HOU,1615
2019-06-27,SJC,942
2019-06-27,SYD,1535
2019-06-27,SIN,1464
2019-06-27,SNA,661
2019-06-27,MAD,3493
2019-07-04,ATL,4941
2019-07-04,MCO,1242
2019-07-04,LAS,1035
2019-07-04,YUL,1756
2019-07-04,FRA,2126
2019-07-04,PDX,1933
2019-07-04,STO,552
2019-07-04,IND,1695
2019-07-04,LON,11680
2019-07-04,SIN,1722
2019-07-04,MUC,3324
2019-07-04,STL,1909
2019-07-04,SHA,2799
2019-07-04,MIL,2148
2019-07-04,DFW,6622
2019-07-04,EWR,5439
2019-07-04,SNA,1845
2019-07-04,DEN,2948
2019-07-04,CLE,1624
2019-07-04,PAR,9012
2019-07-04,CHI,8023
2019-07-04,PEK,1851
2019-07-04,YYZ,3164
2019-07-04,BOS,5460
2019-07-04,CPH,910
2019-07-04,PHX,2674
2019-07-04,PHL,3439
2019-07-04,BNA,1980
2019-07-04,AUS,2278
2019-07-04,CMH,1687
2019-07-04,LAX,3686
2019-07-04,MEX,2403
2019-07-04,MSP,3251
2019-07-04,SAT,1910
2019-07-04,WAS,4960
2019-07-04,SYD,1469
2019-07-04,SAN,1759
2019-07-04,NYC,10444
2019-07-04,MAD,3389
2019-07-04,CLT,3433
2019-07-04,AMS,2053
2019-07-04,PIT,1805
2019-07-04,RDU,1949
2019-07-04,SFO,4151
2019-07-04,DTW,2680
2019-07-04,HOU,4071
2019-07-04,SJC,3498
2019-07-04,SEA,3599
2019-07-04,TLS,1797
2019-07-04,MIA,1270
2019-07-11,MSP,3854
2019-07-11,CLT,3975
2019-07-11,LAS,2756
2019-07-11,WAS,5874
2019-07-11,PAR,6580
2019-07-11,ATL,5745
2019-07-11,SFO,4887
2019-07-11,MEX,2470
2019-07-11,RDU,2310
2019-07-11,MIA,1441
2019-07-11,SIN,1852
2019-07-11,FRA,2171
2019-07-11,PDX,2541
2019-07-11,MIL,2284
2019-07-11,PIT,2016
2019-07-11,CHI,10298
2019-07-11,MUC,3110
2019-07-11,DTW,3476
2019-07-11,DFW,7818
2019-07-11,IND,1898
2019-07-11,PHL,4513
2019-07-11,EWR,6406
2019-07-11,CMH,1990
2019-07-11,PHX,2744
2019-07-11,YUL,1706
2019-07-11,TLS,1348
2019-07-11,SJC,3963
2019-07-11,NYC,13455
2019-07-11,BNA,2151
2019-07-11,DEN,3406
2019-07-11,LON,11028
2019-07-11,SEA,3719
2019-07-11,SAT,2315
2019-07-11,HOU,4882
2019-07-11,AMS,1915
2019-07-11,SHA,3051
2019-07-11,SNA,1940
2019-07-11,MCO,1687
2019-07-11,STO,257
2019-07-11,PEK,1953
2019-07-11,CPH,566
2019-07-11,STL,2425
2019-07-11,LAX,3438
2019-07-11,YYZ,3610
2019-07-11,SAN,1788
2019-07-11,SYD,1424
2019-07-11,CLE,1836
2019-07-11,AUS,2838
2019-07-11,BOS,6576
2019-07-11,MAD,3120
2019-07-18,LAX,3492
2019-07-18,HOU,4673
2019-07-18,YUL,1461
2019-07-18,MUC,2854
2019-07-18,LON,9964
2019-07-18,DFW,7124
2019-07-18,BOS,6497
2019-07-18,NYC,12553
2019-07-18,FRA,1963
2019-07-18,LAS,1424
2019-07-18,EWR,6381
2019-07-18,MIL,1960
2019-07-18,AUS,2737
2019-07-18,SJC,3895
2019-07-18,STO,197
2019-07-18,CMH,1776
2019-07-18,RDU,2305
2019-07-18,YYZ,3533
2019-07-18,PDX,2172
2019-07-18,SAN,2062
2019-07-18,PAR,4686
2019-07-18,SFO,5129
2019-07-18,WAS,6033
2019-07-18,SAT,2282
2019-07-18,CPH,397
2019-07-18,MSP,3938
2019-07-18,PHL,4394
2019-07-18,CLE,1832
2019-07-18,DEN,3773
2019-07-18,MEX,2334
2019-07-18,BNA,2186
2019-07-18,PIT,1979
2019-07-18,CHI,10277
2019-07-18,MCO,1571
2019-07-18,PHX,2699
2019-07-18,IND,1928
2019-07-18,SEA,4839
2019-07-18,MIA,1471
2019-07-18,STL,2104
2019-07-18,SIN,1722
2019-07-18,CLT,3749
2019-07-18,SHA,3307
2019-07-18,PEK,2018
2019-07-18,AMS,1427
2019-07-18,SYD,2097
2019-07-18,ATL,5848
2019-07-18,MAD,2430
2019-07-18,TLS,1054
2019-07-18,SNA,2057
2019-07-18,DTW,3825
2019-07-25,SAT,2040
2019-07-25,MIL,1400
2019-07-25,MIA,1279
2019-07-25,BNA,1901
2019-07-25,MUC,2106
2019-07-25,MCO,1441
2019-07-25,YYZ,3027
2019-07-25,AMS,1059
2019-07-25,TLS,563
2019-07-25,IND,1738
2019-07-25,CPH,496
2019-07-25,STL,2284
2019-07-25,MEX,2058
2019-07-25,DTW,3370
2019-07-25,SNA,1650
2019-07-25,CLE,1617
2019-07-25,STO,194
2019-07-25,PDX,1960
2019-07-25,NYC,11777
2019-07-25,SHA,2856
2019-07-25,SFO,4676
2019-07-25,PHX,2553
2019-07-25,DEN,3220
2019-07-25,EWR,5730
2019-07-25,MSP,3346
2019-07-25,CMH,1611
2019-07-25,ATL,5435
2019-07-25,PHL,3903
2019-07-25,CHI,9757
2019-07-25,DFW,7131
2019-07-25,SEA,3991
2019-07-25,CLT,3647
2019-07-25,LAX,3236
2019-07-25,SAN,1802
2019-07-25,PAR,2577
2019-07-25,SYD,2329
2019-07-25,MAD,1366
2019-07-25,PEK,1857
2019-07-25,SIN,1660
2019-07-25,RDU,2122
2019-07-25,FRA,1681
2019-07-25,WAS,5406
2019-07-25,PIT,1848
2019-07-25,BOS,6295
2019-07-25,YUL,1195
2019-07-25,AUS,2299
2019-07-25,SJC,3625
2019-07-25,LAS,1423
2019-07-25,HOU,4196
2019-07-25,LON,8380
2019-08-01,RDU,2194
2019-08-01,SJC,3638
2019-08-01,SEA,4277
2019-08-01,MUC,1552
2019-08-01,SNA,1905
2019-08-01,DEN,3310
2019-08-01,MSP,3357
2019-08-01,PEK,1805
2019-08-01,WAS,5315
2019-08-01,NYC,10621
2019-08-01,AMS,927
2019-08-01,PHX,2641
2019-08-01,MCO,1606
2019-08-01,LAX,3139
2019-08-01,CLT,3580
2019-08-01,BNA,2487
2019-08-01,HOU,4134
2019-08-01,MAD,583
2019-08-01,BOS,5806
2019-08-01,FRA,1592
2019-08-01,IND,1884
2019-08-01,PAR,1485
2019-08-01,DTW,3462
2019-08-01,CMH,1862
2019-08-01,MEX,2345
2019-08-01,MIA,1331
2019-08-01,MIL,539
2019-08-01,ATL,5531
2019-08-01,PHL,4047
2019-08-01,STL,2331
2019-08-01,CHI,9247
2019-08-01,LAS,2735
2019-08-01,PIT,2190
2019-08-01,SFO,4336
2019-08-01,EWR,5532
2019-08-01,LON,6788
2019-08-01,CPH,871
2019-08-01,PDX,1965
2019-08-01,SYD,2521
2019-08-01,DFW,6739
2019-08-01,SIN,1362
2019-08-01,CLE,1615
2019-08-01,YYZ,2223
2019-08-01,SAN,1857
2019-08-01,SHA,2750
2019-08-01,YUL,1211
2019-08-01,TLS,338
2019-08-01,SAT,2054
2019-08-01,STO,496
2019-08-01,AUS,2491
2019-08-08,WAS,5513
2019-08-08,MSP,3439
2019-08-08,PAR,886
2019-08-08,SEA,4177
2019-08-08,PDX,2170
2019-08-08,DTW,3716
2019-08-08,SJC,4261
2019-08-08,TLS,209
2019-08-08,MUC,999
2019-08-08,STO,1042
2019-08-08,PIT,1884
2019-08-08,FRA,1600
2019-08-08,CPH,1326
2019-08-08,SHA,3037
2019-08-08,CMH,1867
2019-08-08,MEX,2427
2019-08-08,BNA,2424
2019-08-08,SAT,2068
2019-08-08,MCO,1781
2019-08-08,PHL,3658
2019-08-08,IND,1871
2019-08-08,RDU,2283
2019-08-08,BOS,5733
2019-08-08,PHX,3138
2019-08-08,MAD,337
2019-08-08,LAS,1455
2019-08-08,SNA,1816
2019-08-08,AMS,1023
2019-08-08,PEK,1915
2019-08-08,STL,2307
2019-08-08,SIN,1361
2019-08-08,ATL,6081
2019-08-08,YYZ,3456
2019-08-08,LON,6562
2019-08-08,DFW,7672
2019-08-08,SYD,2051
2019-08-08,CLE,1711
2019-08-08,SAN,2035
2019-08-08,MIL,182
2019-08-08,YUL,1286
2019-08-08,NYC,10781
2019-08-08,MIA,1347
2019-08-08,HOU,4674
2019-08-08,EWR,5616
2019-08-08,LAX,3253
2019-08-08,CLT,3611
2019-08-08,DEN,3763
2019-08-08,CHI,9580
2019-08-08,SFO,5220
2019-08-08,AUS,2524
2019-08-15,SFO,5021
2019-08-15,CMH,2066
2019-08-15,DEN,3883
2019-08-15,HOU,4791
2019-08-15,SJC,4262
2019-08-15,BOS,5946
2019-08-15,ATL,6397
2019-08-15,MIA,1573
2019-08-15,CHI,10577
2019-08-15,SAT,2291
2019-08-15,PAR,1743
2019-08-15,STL,2435
2019-08-15,TLS,453
2019-08-15,MAD,506
2019-08-15,LAS,1321
2019-08-15,PDX,2274
2019-08-15,SNA,2142
2019-08-15,WAS,5175
2019-08-15,AUS,2988
2019-08-15,IND,2178
2019-08-15,EWR,5984
2019-08-15,DFW,7962
2019-08-15,MEX,2449
2019-08-15,SIN,2186
2019-08-15,CLE,1821
2019-08-15,CLT,3806
2019-08-15,BNA,2338
2019-08-15,RDU,2445
2019-08-15,PHX,3086
2019-08-15,LAX,3403
2019-08-15,MUC,1303
2019-08-15,FRA,1703
2019-08-15,PIT,2138
2019-08-15,MSP,3589
2019-08-15,SEA,4335
2019-08-15,AMS,1315
2019-08-15,YUL,1473
2019-08-15,YYZ,3485
2019-08-15,SHA,2946
2019-08-15,CPH,1822
2019-08-15,MIL,246
2019-08-15,SAN,2336
2019-08-15,LON,6865
2019-08-15,SYD,2134
2019-08-15,STO,1766
2019-08-15,PHL,4041
2019-08-15,MCO,1896
2019-08-15,NYC,10345
2019-08-15,DTW,3693
2019-08-15,PEK,1946
2019-08-22,PHX,2849
2019-08-22,MCO,1736
2019-08-22,SYD,1802
2019-08-22,CLT,3604
2019-08-22,SIN,1937
2019-08-22,MIL,756
2019-08-22,WAS,5230
2019-08-22,DEN,3511
2019-08-22,SFO,6359
2019-08-22,PHL,3806
2019-08-22,SAT,2063
2019-08-22,EWR,5326
2019-08-22,PEK,2252
2019-08-22,PIT,1981
2019-08-22,HOU,4875
2019-08-22,SEA,4084
2019-08-22,SJC,3848
2019-08-22,AMS,1842
2019-08-22,YUL,1659
2019-08-22,CLE,1643
2019-08-22,DTW,3399
2019-08-22,STO,2293
2019-08-22,CPH,2124
2019-08-22,YYZ,2938
2019-08-22,MUC,1797
2019-08-22,LAS,1897
2019-08-22,DFW,7299
2019-08-22,IND,1916
2019-08-22,CMH,1825
2019-08-22,AUS,2505
2019-08-22,MSP,3439
2019-08-22,MIA,1536
2019-08-22,PAR,4017
2019-08-22,STL,2280
2019-08-22,NYC,10043
2019-08-22,CHI,9091
2019-08-22,SHA,3270
2019-08-22,BOS,5340
2019-08-22,TLS,826
2019-08-22,SAN,2055
2019-08-22,BNA,2433
2019-08-22,LON,5997
2019-08-22,SNA,2143
2019-08-22,LAX,3559
2019-08-22,FRA,1917
2019-08-22,MEX,2693
2019-08-22,PDX,2218
2019-08-22,RDU,2329
2019-08-22,ATL,6204
2019-08-22,MAD,1003
2019-08-29,IND,1207
2019-08-29,ATL,3626
2019-08-29,CMH,1177
2019-08-29,MUC,2462
2019-08-29,FRA,2213
2019-08-29,PEK,2111
2019-08-29,AUS,1948
2019-08-29,SHA,3225
2019-08-29,CLT,2118
2019-08-29,PAR,7282
2019-08-29,SAT,1441
2019-08-29,DEN,2158
2019-08-29,LON,9841
2019-08-29,MIA,953
2019-08-29,TLS,1625
2019-08-29,YUL,1326
2019-08-29,MAD,2293
2019-08-29,SFO,3307
2019-08-29,STO,2218
2019-08-29,LAX,2188
2019-08-29,LAS,909
2019-08-29,PHX,1689
2019-08-29,PIT,1305
2019-08-29,YYZ,2243
2019-08-29,CLE,1031
2019-08-29,SAN,1170
2019-08-29,BNA,1472
2019-08-29,DTW,2243
2019-08-29,PDX,1428
2019-08-29,STL,1710
2019-08-29,CHI,5703
2019-08-29,SNA,1193
2019-08-29,SJC,2699
2019-08-29,CPH,1758
2019-08-29,HOU,3089
2019-08-29,WAS,3848
2019-08-29,MEX,2325
2019-08-29,SIN,1515
2019-08-29,BOS,4444
2019-08-29,MCO,810
2019-08-29,MIL,1699
2019-08-29,AMS,2063
2019-08-29,DFW,5202
2019-08-29,RDU,1473
2019-08-29,NYC,9464
2019-08-29,EWR,4114
2019-08-29,PHL,2933
2019-08-29,SEA,2753
2019-08-29,SYD,1797
2019-08-29,MSP,2151
2019-09-05,MEX,2958
2019-09-05,LAS,1508
2019-09-05,PEK,2203
2019-09-05,BOS,7650
2019-09-05,LON,13529
2019-09-05,SAN,2163
2019-09-05,MAD,3657
2019-09-05,NYC,15508
2019-09-05,WAS,7650
2019-09-05,STO,2173
2019-09-05,HOU,5182
2019-09-05,YYZ,4635
2019-09-05,SHA,3444
2019-09-05,SIN,2060
2019-09-05,SEA,5541
2019-09-05,DFW,8177
2019-09-05,LAX,4013
2019-09-05,SNA,2562
2019-09-05,SAT,2605
2019-09-05,STL,2482
2019-09-05,CHI,10359
2019-09-05,PIT,2222
2019-09-05,PDX,2417
2019-09-05,MSP,3803
2019-09-05,CLT,3729
2019-09-05,BNA,2470
2019-09-05,CMH,2222
2019-09-05,ATL,6920
2019-09-05,TLS,2214
2019-09-05,EWR,7114
2019-09-05,YUL,2087
2019-09-05,AMS,2955
2019-09-05,PAR,10428
2019-09-05,CPH,2189
2019-09-05,SFO,5727
2019-09-05,IND,2280
2019-09-05,RDU,2679
2019-09-05,MCO,1582
2019-09-05,MIA,1442
2019-09-05,DTW,4363
2019-09-05,MUC,3346
2019-09-05,AUS,3721
2019-09-05,SYD,2030
2019-09-05,FRA,2842
2019-09-05,PHX,3238
2019-09-05,CLE,1798
2019-09-05,MIL,2179
2019-09-05,PHL,4952
2019-09-05,SJC,4993
2019-09-05,DEN,3795
2019-09-12,HOU,5597
2019-09-12,STO,2316
2019-09-12,CLT,3847
2019-09-12,AMS,3178
2019-09-12,NYC,14344
2019-09-12,MSP,4048
2019-09-12,STL,2639
2019-09-12,PIT,2234
2019-09-12,EWR,7523
2019-09-12,IND,2085
2019-09-12,ATL,6761
2019-09-12,MAD,4379
2019-09-12,FRA,3244
2019-09-12,PHX,3613
2019-09-12,BNA,2804
2019-09-12,CPH,2533
2019-09-12,BOS,7374
2019-09-12,MIA,1693
2019-09-12,PDX,2344
2019-09-12,MEX,1924
2019-09-12,SAN,1995
2019-09-12,LAS,2462
2019-09-12,PAR,11262
2019-09-12,YUL,2278
2019-09-12,RDU,2823
2019-09-12,LAX,4015
2019-09-12,PHL,4785
2019-09-12,SAT,2692
2019-09-12,SFO,5234
2019-09-12,CHI,11372
2019-09-12,SEA,5177
2019-09-12,MCO,2660
2019-09-12,DFW,7952
2019-09-12,CLE,2183
2019-09-12,CMH,1878
2019-09-12,MUC,3362
2019-09-12,TLS,2618
2019-09-12,AUS,3581
2019-09-12,DEN,4014
2019-09-12,SIN,2014
2019-09-12,SHA,3729
2019-09-12,DTW,4012
2019-09-12,SNA,2236
2019-09-12,PEK,2324
2019-09-12,SJC,5437
2019-09-12,YYZ,4399
2019-09-12,MIL,2582
2019-09-12,LON,14292
2019-09-12,SYD,2265
2019-09-12,WAS,7453
2019-09-19,DFW,9062
2019-09-19,TLS,2585
2019-09-19,YUL,2343
2019-09-19,LAS,2721
2019-09-19,MCO,2015
2019-09-19,CPH,2369
2019-09-19,CMH,2093
2019-09-19,AMS,3454
2019-09-19,PHX,3585
2019-09-19,BOS,7555
2019-09-19,PDX,2954
2019-09-19,MUC,3929
2019-09-19,YYZ,4420
2019-09-19,STO,2251
2019-09-19,HOU,5836
2019-09-19,LON,14230
2019-09-19,PIT,2183
2019-09-19,ATL,6476
2019-09-19,STL,2435
2019-09-19,EWR,7733
2019-09-19,SJC,5185
2019-09-19,SFO,5900
2019-09-19,IND,1953
2019-09-19,SHA,4135
2019-09-19,RDU,2937
2019-09-19,SNA,2242
2019-09-19,SAT,2563
2019-09-19,AUS,3699
2019-09-19,CHI,10904
2019-09-19,NYC,14787
2019-09-19,CLT,3839
2019-09-19,SYD,2075
2019-09-19,DTW,3872
2019-09-19,SEA,5095
2019-09-19,PEK,2425
2019-09-19,DEN,3689
2019-09-19,MIA,2424
2019-09-19,MSP,3822
2019-09-19,SAN,2423
2019-09-19,PHL,4841
2019-09-19,SIN,2399
2019-09-19,MAD,4217
2019-09-19,FRA,3226
2019-09-19,BNA,2590
2019-09-19,PAR,12034
2019-09-19,LAX,3904
2019-09-19,WAS,6908
2019-09-19,MIL,2737
2019-09-19,CLE,1918
2019-09-19,MEX,2641
2019-09-26,AUS,2915
2019-09-26,MUC,2656
2019-09-26,SAN,2283
2019-09-26,IND,1766
2019-09-26,BOS,6832
2019-09-26,AMS,3012
2019-09-26,LAX,3247
2019-09-26,LAS,1655
2019-09-26,MIL,2639
2019-09-26,RDU,2510
2019-09-26,SEA,5057
2019-09-26,PEK,595
2019-09-26,MCO,3481
2019-09-26,PHL,4424
2019-09-26,PAR,11158
2019-09-26,SIN,1820
2019-09-26,SJC,4498
2019-09-26,CLE,1566
2019-09-26,MAD,3798
2019-09-26,CMH,1777
2019-09-26,SNA,1778
2019-09-26,YYZ,4054
2019-09-26,MIA,1344
2019-09-26,SYD,1684
2019-09-26,LON,13020
2019-09-26,MSP,3620
2019-09-26,DEN,3561
2019-09-26,PIT,2231
2019-09-26,CHI,10536
2019-09-26,WAS,5954
2019-09-26,BNA,2373
2019-09-26,SHA,946
2019-09-26,EWR,6284
2019-09-26,STO,2282
2019-09-26,CPH,2069
2019-09-26,SAT,2104
2019-09-26,MEX,2363
2019-09-26,DFW,7286
2019-09-26,YUL,1985
2019-09-26,PHX,2827
2019-09-26,HOU,4835
2019-09-26,STL,2221
2019-09-26,SFO,5717
2019-09-26,CLT,3792
2019-09-26,NYC,13729
2019-09-26,ATL,5723
2019-09-26,PDX,2345
2019-09-26,TLS,1992
2019-09-26,FRA,2306
2019-09-26,DTW,3512
2019-10-03,SNA,1917
2019-10-03,PDX,2338
2019-10-03,HOU,4953
2019-10-03,TLS,2098
2019-10-03,CLE,1865
2019-10-03,PHL,4867
2019-10-03,MIA,1468
2019-10-03,SFO,5308
2019-10-03,NYC,12930
2019-10-03,MIL,2617
2019-10-03,CMH,2150
2019-10-03,SJC,4967
2019-10-03,CLT,3786
2019-10-03,MAD,3960
2019-10-03,SYD,1615
2019-10-03,AMS,3383
2019-10-03,MSP,3458
2019-10-03,DEN,3668
2019-10-03,AUS,3622
2019-10-03,SEA,5152
2019-10-03,PHX,2848
2019-10-03,SAN,1993
2019-10-03,RDU,2520
2019-10-03,CHI,10516
2019-10-03,DTW,3862
2019-10-03,STL,2291
2019-10-03,PEK,1227
2019-10-03,EWR,6859
2019-10-03,MCO,1927
2019-10-03,LON,13389
2019-10-03,DFW,8190
2019-10-03,PAR,12029
2019-10-03,LAS,1458
2019-10-03,YUL,2152
2019-10-03,PIT,2096
2019-10-03,YYZ,4224
2019-10-03,BNA,2185
2019-10-03,CPH,2050
2019-10-03,WAS,6711
2019-10-03,ATL,6181
2019-10-03,BOS,7166
2019-10-03,SHA,1812
2019-10-03,LAX,3592
2019-10-03,STO,2193
2019-10-03,SIN,1869
2019-10-03,IND,1767
2019-10-03,SAT,2277
2019-10-03,MUC,2757
2019-10-03,MEX,2702
2019-10-03,FRA,2616
2019-10-10,SEA,5371
2019-10-10,HOU,5441
2019-10-10,LAX,3827
2019-10-10,SNA,1956
2019-10-10,ATL,6361
2019-10-10,SJC,4836
2019-10-10,CPH,1432
2019-10-10,CHI,10846
2019-10-10,YUL,1727
2019-10-10,SHA,3841
2019-10-10,IND,1913
2019-10-10,PIT,1985
2019-10-10,NYC,14049
2019-10-10,TLS,2378
2019-10-10,BNA,2426
2019-10-10,MEX,2619
2019-10-10,STL,2188
2019-10-10,WAS,7728
2019-10-10,MAD,4160
2019-10-10,SIN,2119
2019-10-10,AUS,3163
2019-10-10,MUC,3686
2019-10-10,LAS,1906
2019-10-10,PAR,12128
2019-10-10,STO,2268
2019-10-10,EWR,7024
2019-10-10,SFO,5155
2019-10-10,SAT,2437
2019-10-10,BOS,7643
2019-10-10,CLT,3593
2019-10-10,SAN,1831
2019-10-10,MSP,3539
2019-10-10,AMS,3037
2019-10-10,PHX,3731
2019-10-10,MIA,1773
2019-10-10,SYD,2101
2019-10-10,DTW,3695
2019-10-10,PEK,2573
2019-10-10,DFW,8413
2019-10-10,RDU,2519
2019-10-10,DEN,3691
2019-10-10,YYZ,3384
2019-10-10,CLE,1720
2019-10-10,PHL,4756
2019-10-10,FRA,2819
2019-10-10,CMH,1921
2019-10-10,LON,13459
2019-10-10,MIL,2637
2019-10-10,PDX,2171
2019-10-10,MCO,2833
2019-10-17,AUS,3435
2019-10-17,PIT,2493
2019-10-17,SJC,5027
2019-10-17,FRA,3489
2019-10-17,TLS,1840
2019-10-17,MSP,3716
2019-10-17,AMS,2587
2019-10-17,BNA,2626
2019-10-17,SIN,2011
2019-10-17,CHI,11284
2019-10-17,SFO,5969
2019-10-17,CMH,1909
2019-10-17,MCO,2974
2019-10-17,PHL,5038
2019-10-17,PHX,3846
2019-10-17,YUL,2257
2019-10-17,LAS,2076
2019-10-17,DFW,8444
2019-10-17,EWR,7180
2019-10-17,CPH,2065
2019-10-17,SAN,2185
2019-10-17,RDU,2597
2019-10-17,NYC,14586
2019-10-17,HOU,5805
2019-10-17,DEN,4086
2019-10-17,WAS,7224
2019-10-17,CLT,4182
2019-10-17,MEX,2568
2019-10-17,PDX,2403
2019-10-17,ATL,6259
2019-10-17,SYD,2214
2019-10-17,SAT,2442
2019-10-17,STO,2161
2019-10-17,SHA,4110
2019-10-17,MUC,3589
2019-10-17,LON,11828
2019-10-17,PEK,2808
2019-10-17,BOS,7933
2019-10-17,STL,2440
2019-10-17,CLE,1784
2019-10-17,LAX,4383
2019-10-17,SNA,2453
2019-10-17,DTW,3833
2019-10-17,MAD,3732
2019-10-17,MIA,2471
2019-10-17,SEA,5443
2019-10-17,IND,2011
2019-10-17,YYZ,4914
2019-10-17,PAR,9069
2019-10-17,MIL,2474
2019-10-24,CPH,2133
2019-10-24,SAT,2127
2019-10-24,SHA,3628
2019-10-24,RDU,2305
2019-10-24,PDX,2163
2019-10-24,PHX,3403
2019-10-24,DEN,3308
2019-10-24,DFW,7830
2019-10-24,HOU,5071
2019-10-24,PIT,2192
2019-10-24,SEA,5077
2019-10-24,TLS,1105
2019-10-24,MIA,1872
2019-10-24,LAS,2337
2019-10-24,MAD,3571
2019-10-24,CLE,1492
2019-10-24,PEK,2402
2019-10-24,EWR,6125
2019-10-24,MIL,2106
2019-10-24,PAR,5691
2019-10-24,STL,2126
2019-10-24,AUS,2872
2019-10-24,BOS,7043
2019-10-24,ATL,5610
2019-10-24,DTW,3635
2019-10-24,BNA,2195
2019-10-24,MCO,1849
2019-10-24,PHL,4543
2019-10-24,MUC,2472
2019-10-24,WAS,6258
2019-10-24,LON,9613
2019-10-24,SIN,1643
2019-10-24,YYZ,4229
2019-10-24,CLT,3574
2019-10-24,IND,1640
2019-10-24,SJC,4140
2019-10-24,CMH,1751
2019-10-24,CHI,9607
2019-10-24,SYD,2084
2019-10-24,SAN,1608
2019-10-24,YUL,1829
2019-10-24,SNA,1770
2019-10-24,NYC,13043
2019-10-24,FRA,2552
2019-10-24,AMS,2548
2019-10-24,MEX,2034
2019-10-24,SFO,5064
2019-10-24,LAX,4001
2019-10-24,MSP,3268
2019-10-24,STO,1331
2019-10-31,STL,2409
2019-10-31,CLT,4283
2019-10-31,MIA,2095
2019-10-31,CLE,1548
2019-10-31,SIN,2382
2019-10-31,IND,1917
2019-10-31,PDX,2229
2019-10-31,DFW,8826
2019-10-31,LAX,4349
2019-10-31,LON,12671
2019-10-31,CMH,1734
2019-10-31,BOS,7275
2019-10-31,YUL,2025
2019-10-31,MCO,5104
2019-10-31,SAN,2330
2019-10-31,PAR,9988
2019-10-31,CPH,2437
2019-10-31,SHA,3721
2019-10-31,FRA,2099
2019-10-31,BNA,2231
2019-10-31,PEK,2612
2019-10-31,MEX,2299
2019-10-31,TLS,2165
2019-10-31,LAS,2564
2019-10-31,SYD,1693
2019-10-31,MUC,3267
2019-10-31,HOU,5401
2019-10-31,PHL,4731
2019-10-31,ATL,6094
2019-10-31,MSP,3474
2019-10-31,CHI,10267
2019-10-31,SNA,2764
2019-10-31,SJC,4287
2019-10-31,MAD,3684
2019-10-31,MIL,2419
2019-10-31,STO,2140
2019-10-31,SEA,5154
2019-10-31,RDU,2652
2019-10-31,AUS,3720
2019-10-31,DEN,3587
2019-10-31,PIT,2172
2019-10-31,EWR,7127
2019-10-31,SAT,2552
2019-10-31,PHX,4257
2019-10-31,AMS,2909
2019-10-31,WAS,6540
2019-10-31,SFO,5266
2019-10-31,DTW,3401
2019-10-31,NYC,14854
2019-10-31,YYZ,4034
2019-11-07,YUL,1912
2019-11-07,DTW,3471
2019-11-07,TLS,1894
2019-11-07,HOU,5931
2019-11-07,ATL,6484
2019-11-07,BNA,2702
2019-11-07,EWR,7394
2019-11-07,SIN,2926
2019-11-07,STO,2351
2019-11-07,LAS,2482
2019-11-07,LON,14490
2019-11-07,STL,2541
2019-11-07,PDX,2210
2019-11-07,DEN,3868
2019-11-07,SEA,6094
2019-11-07,NYC,15817
2019-11-07,MIA,2175
2019-11-07,MUC,3830
2019-11-07,MIL,2834
2019-11-07,CMH,1980
2019-11-07,PEK,2414
2019-11-07,SHA,4042
2019-11-07,PHX,4150
2019-11-07,CLT,3940
2019-11-07,CHI,10731
2019-11-07,DFW,8872
2019-11-07,AUS,3558
2019-11-07,MAD,4037
2019-11-07,MEX,2897
2019-11-07,LAX,4778
2019-11-07,SJC,5789
2019-11-07,SYD,2624
2019-11-07,WAS,7364
2019-11-07,AMS,3163
2019-11-07,PHL,4834
2019-11-07,MCO,3119
2019-11-07,BOS,7558
2019-11-07,SAN,2232
2019-11-07,SAT,2463
2019-11-07,SNA,2370
2019-11-07,MSP,3969
2019-11-07,SFO,6188
2019-11-07,PIT,2279
2019-11-07,RDU,3092
2019-11-07,IND,2164
2019-11-07,FRA,3036
2019-11-07,CLE,1787
2019-11-07,CPH,2104
2019-11-07,PAR,10132
2019-11-07,YYZ,4465
2019-11-14,TLS,2731
2019-11-14,LAS,1781
2019-11-14,WAS,7570
2019-11-14,SNA,2257
2019-11-14,MCO,1986
2019-11-14,PIT,2367
2019-11-14,SHA,4074
2019-11-14,YUL,2384
2019-11-14,CLE,1846
2019-11-14,SAT,2542
2019-11-14,MAD,4339
2019-11-14,YYZ,5030
2019-11-14,CLT,4348
2019-11-14,LON,14659
2019-11-14,STL,2470
2019-11-14,LAX,4949
2019-11-14,STO,2321
2019-11-14,MUC,3724
2019-11-14,SAN,3486
2019-11-14,NYC,15891
2019-11-14,SYD,2589
2019-11-14,BNA,2843
2019-11-14,PDX,2340
2019-11-14,CMH,2015
2019-11-14,HOU,6259
2019-11-14,MSP,3893
2019-11-14,PAR,12926
2019-11-14,AUS,3374
2019-11-14,SFO,5640
2019-11-14,PHX,3733
2019-11-14,PHL,5504
2019-11-14,CHI,11557
2019-11-14,AMS,3453
2019-11-14,SIN,3084
2019-11-14,MIL,2662
2019-11-14,RDU,2807
2019-11-14,IND,2058
2019-11-14,CPH,2162
2019-11-14,MIA,2278
2019-11-14,ATL,7059
2019-11-14,DEN,4373
2019-11-14,DTW,3830
2019-11-14,SEA,6332
2019-11-14,MEX,2656
2019-11-14,FRA,3385
2019-11-14,BOS,7832
2019-11-14,EWR,7958
2019-11-14,SJC,5709
2019-11-14,DFW,8540
2019-11-14,PEK,2515
2019-11-21,CHI,2650
2019-11-21,MIA,579
2019-11-21,MCO,462
2019-11-21,MEX,2130
2019-11-21,MIL,2735
2019-11-21,EWR,1863
2019-11-21,SJC,995
2019-11-21,LAS,461
2019-11-21,CPH,2407
2019-11-21,PHL,1405
2019-11-21,SYD,2471
2019-11-21,YYZ,3055
2019-11-21,SIN,2033
2019-11-21,DEN,922
2019-11-21,PEK,2201
2019-11-21,SFO,1739
2019-11-21,MUC,3436
2019-11-21,IND,535
2019-11-21,BOS,2240
2019-11-21,PAR,11239
2019-11-21,SAT,496
2019-11-21,RDU,529
2019-11-21,SEA,1285
2019-11-21,LON,11723
2019-11-21,NYC,4543
2019-11-21,STO,2423
2019-11-21,SAN,539
2019-11-21,FRA,2895
2019-11-21,AMS,2729
2019-11-21,SNA,503
2019-11-21,PHX,1021
2019-11-21,MAD,4165
2019-11-21,LAX,1622
2019-11-21,HOU,1182
2019-11-21,PIT,616
2019-11-21,YUL,1678
2019-11-21,BNA,727
2019-11-21,DFW,1975
2019-11-21,CLE,463
2019-11-21,WAS,1917
2019-11-21,CMH,630
2019-11-21,PDX,597
2019-11-21,TLS,2197
2019-11-21,AUS,748
2019-11-21,CLT,1129
2019-11-21,ATL,1548
2019-11-21,STL,669
2019-11-21,MSP,927
2019-11-21,DTW,1048
2019-11-21,SHA,3375
2019-11-28,NYC,14154
2019-11-28,LON,14144
2019-11-28,BNA,1900
2019-11-28,CHI,8311
2019-11-28,CLT,3687
2019-11-28,AMS,2770
2019-11-28,MSP,3115
2019-11-28,CMH,1765
2019-11-28,MUC,3704
2019-11-28,DEN,3135
2019-11-28,SNA,1689
2019-11-28,MIA,1993
2019-11-28,DFW,7953
2019-11-28,EWR,7054
2019-11-28,YUL,2200
2019-11-28,HOU,5071
2019-11-28,SFO,4859
2019-11-28,MIL,2603
2019-11-28,STO,2478
2019-11-28,WAS,6291
2019-11-28,YYZ,4154
2019-11-28,BOS,6994
2019-11-28,MCO,1921
2019-11-28,CPH,2428
2019-11-28,SAN,1998
2019-11-28,DTW,3069
2019-11-28,STL,1978
2019-11-28,RDU,2559
2019-11-28,PHL,4297
2019-11-28,SEA,5079
2019-11-28,LAS,2970
2019-11-28,TLS,2213
2019-11-28,PAR,10549
2019-11-28,FRA,2861
2019-11-28,ATL,5696
2019-11-28,LAX,3197
2019-11-28,PEK,2266
2019-11-28,PDX,2121
2019-11-28,MAD,3462
2019-11-28,MEX,2783
2019-11-28,CLE,1483
2019-11-28,IND,1858
2019-11-28,AUS,2965
2019-11-28,PIT,2008
2019-11-28,SJC,4714
2019-11-28,SYD,2523
2019-11-28,SHA,3501
2019-11-28,SIN,1967
2019-11-28,SAT,2342
2019-11-28,PHX,3721
2019-12-05,SAT,2907
2019-12-05,SFO,5397
2019-12-05,HOU,5991
2019-12-05,CMH,2104
2019-12-05,BOS,8211
2019-12-05,EWR,8386
2019-12-05,MAD,3723
2019-12-05,SIN,1752
2019-12-05,MEX,2798
2019-12-05,MSP,3702
2019-12-05,ATL,6883
2019-12-05,WAS,7984
2019-12-05,MIL,2567
2019-12-05,DTW,3945
2019-12-05,PHX,4092
2019-12-05,LAS,2217
2019-12-05,TLS,1965
2019-12-05,DFW,9007
2019-12-05,SYD,2411
2019-12-05,AUS,3731
2019-12-05,LON,15782
2019-12-05,SEA,5564
2019-12-05,YUL,2346
2019-12-05,CLT,4875
2019-12-05,CLE,1756
2019-12-05,SJC,5961
2019-12-05,PIT,2226
2019-12-05,CHI,10583
2019-12-05,BNA,2865
2019-12-05,SHA,3918
2019-12-05,MCO,2989
2019-12-05,DEN,3700
2019-12-05,YYZ,4738
2019-12-05,PEK,2306
2019-12-05,MUC,3974
2019-12-05,SNA,2480
2019-12-05,NYC,16765
2019-12-05,STO,2642
2019-12-05,PAR,9819
2019-12-05,STL,2454
2019-12-05,MIA,2075
2019-12-05,PDX,2315
2019-12-05,PHL,5459
2019-12-05,RDU,2687
2019-12-05,LAX,4476
2019-12-05,FRA,3072
2019-12-05,CPH,2386
2019-12-05,IND,2108
2019-12-05,SAN,2232
2019-12-05,AMS,2955
2019-12-12,WAS,5959
2019-12-12,CMH,1568
2019-12-12,SJC,3639
2019-12-12,SNA,1833
2019-12-12,SFO,4273
2019-12-12,MIA,1715
2019-12-12,SAT,1953
2019-12-12,DFW,6674
2019-12-12,MAD,4028
2019-12-12,SIN,1027
2019-12-12,AMS,1929
2019-12-12,MCO,1578
2019-12-12,PEK,1944
2019-12-12,NYC,14907
2019-12-12,FRA,2157
2019-12-12,CLT,3115
2019-12-12,PDX,1887
2019-12-12,EWR,6023
2019-12-12,PIT,2026
2019-12-12,MUC,2623
2019-12-12,LON,10561
2019-12-12,CPH,1683
2019-12-12,MSP,3121
2019-12-12,DTW,2544
2019-12-12,BOS,5873
2019-12-12,AUS,2197
2019-12-12,BNA,1948
2019-12-12,PAR,9755
2019-12-12,ATL,5273
2019-12-12,MIL,2266
2019-12-12,MEX,1786
2019-12-12,LAX,3380
2019-12-12,IND,1667
2019-12-12,SAN,1584
2019-12-12,PHL,3790
2019-12-12,CLE,1222
2019-12-12,SHA,3178
2019-12-12,LAS,1158
2019-12-12,SYD,1409
2019-12-12,YYZ,3123
2019-12-12,PHX,2751
2019-12-12,YUL,1588
2019-12-12,DEN,3233
2019-12-12,RDU,1877
2019-12-12,STO,1753
2019-12-12,STL,1926
2019-12-12,HOU,3862
2019-12-12,TLS,1584
2019-12-12,CHI,7902
2019-12-12,SEA,3645
2019-12-19,TLS,119
2019-12-19,PAR,1092
2019-12-19,SHA,1376
2019-12-19,FRA,202
2019-12-19,SEA,318
2019-12-19,HOU,353
2019-12-19,LON,1195
2019-12-19,LAS,186
2019-12-19,SFO,462
2019-12-19,BNA,181
2019-12-19,CLT,223
2019-12-19,YUL,216
2019-12-19,SNA,191
2019-12-19,CMH,132
2019-12-19,LAX,512
2019-12-19,STO,107
2019-12-19,NYC,1262
2019-12-19,MSP,449
2019-12-19,PEK,1113
2019-12-19,RDU,161
2019-12-19,IND,204
2019-12-19,EWR,445
2019-12-19,DEN,277
2019-12-19,MUC,272
2019-12-19,BOS,538
2019-12-19,WAS,443
2019-12-19,PHL,463
2019-12-19,SIN,161
2019-12-19,MAD,474
2019-12-19,CHI,718
2019-12-19,MEX,347
2019-12-19,CPH,147
2019-12-19,ATL,596
2019-12-19,SYD,148
2019-12-19,PDX,213
2019-12-19,AUS,181
2019-12-19,MIA,234
2019-12-19,DTW,267
2019-12-19,YYZ,347
2019-12-19,SAN,270
2019-12-19,AMS,275
2019-12-19,STL,205
2019-12-19,DFW,547
2019-12-19,SJC,234
2019-12-19,PHX,376
2019-12-19,SAT,179
2019-12-19,PIT,184
2019-12-19,CLE,111
2019-12-19,MIL,298
2019-12-19,MCO,200
2019-12-26,PHX,369
2019-12-26,DEN,186
2019-12-26,SFO,168
2019-12-26,EWR,276
2019-12-26,CHI,401
2019-12-26,PAR,223
2019-12-26,DTW,144
2019-12-26,MCO,305
2019-12-26,HOU,266
2019-12-26,RDU,127
2019-12-26,MUC,43
2019-12-26,TLS,40
2019-12-26,WAS,260
2019-12-26,MEX,204
2019-12-26,STO,32
2019-12-26,BOS,232
2019-12-26,PEK,627
2019-12-26,PIT,83
2019-12-26,CLT,206
2019-12-26,LON,295
2019-12-26,CMH,88
2019-12-26,PHL,190
2019-12-26,YYZ,201
2019-12-26,ATL,501
2019-12-26,AMS,63
2019-12-26,MSP,127
2019-12-26,MIL,51
2019-12-26,SEA,232
2019-12-26,MAD,85
2019-12-26,NYC,534
2019-12-26,DFW,482
2019-12-26,PDX,135
2019-12-26,BNA,216
2019-12-26,AUS,211
2019-12-26,SIN,118
2019-12-26,FRA,24
2019-12-26,LAX,293
2019-12-26,YUL,76
2019-12-26,SYD,44
2019-12-26,MIA,218
2019-12-26,SJC,104
2019-12-26,IND,87
2019-12-26,STL,175
2019-12-26,LAS,175
2019-12-26,SAT,149
2019-12-26,SHA,532
2019-12-26,CPH,33
2019-12-26,CLE,67
2019-12-26,SNA,114
2019-12-26,SAN,272
2020-01-02,SYD,537
2020-01-02,STL,1599
2020-01-02,AUS,2331
2020-01-02,RDU,1848
2020-01-02,SNA,1444
2020-01-02,SIN,1225
2020-01-02,LAX,2335
2020-01-02,MCO,1439
2020-01-02,PEK,2201
2020-01-02,AMS,1027
2020-01-02,LAS,3988
2020-01-02,SJC,2752
2020-01-02,SEA,3068
2020-01-02,DEN,2433
2020-01-02,EWR,5054
2020-01-02,TLS,917
2020-01-02,WAS,4421
2020-01-02,DTW,2109
2020-01-02,MEX,1071
2020-01-02,SHA,3224
2020-01-02,YUL,869
2020-01-02,CPH,1096
2020-01-02,PIT,1468
2020-01-02,BNA,1673
2020-01-02,MIA,1480
2020-01-02,CLE,1130
2020-01-02,MUC,1191
2020-01-02,NYC,7882
2020-01-02,SAN,1488
2020-01-02,PDX,1376
2020-01-02,PHL,3053
2020-01-02,DFW,5732
2020-01-02,SAT,1942
2020-01-02,MIL,834
2020-01-02,MSP,2186
2020-01-02,PHX,2444
2020-01-02,SFO,3476
2020-01-02,ATL,4524
2020-01-02,FRA,901
2020-01-02,PAR,6018
2020-01-02,CLT,3003
2020-01-02,STO,761
2020-01-02,IND,1400
2020-01-02,BOS,4302
2020-01-02,MAD,1275
2020-01-02,CHI,5469
2020-01-02,LON,6710
2020-01-02,HOU,3820
2020-01-02,CMH,1231
2020-01-02,YYZ,2449
